{"cameraMode":{"drawMode":0,"name":"Shaded","section":"Shading Mode"},"sceneLighting":false,"audioPlay":false,"sceneViewState":{"showFog":true,"showMaterialUpdate":true,"showSkybox":false,"showFlares":true,"showImageEffects":true,"showParticleSystems":true},"in2DMode":false,"pivot":{"x":-39.91138458251953,"y":-4.5286865234375,"z":5.618310928344727},"rotation":{"x":-0.15823586285114289,"y":0.07013789564371109,"z":-0.011269151233136654,"w":-0.9848425388336182},"size":15.153410911560059,"orthographic":false}